Model,Type,Accuracy_R2,RMSE,MAE,F1_Score,Precision,Recall
Linear Regression,Regression,1.2892652458984077,12.379663752759427,10.18160894343169,,,
Logistic Regression,Classification,73.64982578397212,,,0.6247396809666258,0.5424296838009445,0.7364982578397212
Decision Tree,Classification,68.20557491289199,,,0.6339503877491454,0.6078899611508369,0.6820557491289199
